name,category,recorded_price,pricing_note,trial,terms_checked,evidence_sources,latest_confirmed_change,guide_url,official_url
Pinecone,Developer Infrastructure,See current plans,"Usage, regions and pricing can change; estimate costs against your workload before production use.",Free trial availability varies,2026-09-14,1,2026-09-25,partner-offers/pinecone-vector-database.html,https://www.pinecone.io/
Descript,Audio & Video,See current plans,Affiliate eligibility applies to qualifying new subscriptions; verify current plans and features on Descript.,Free trial availability varies,2026-09-14,2,No recent confirmed change,partner-offers/descript-ai-video-editing.html,https://www.descript.com/
ElevenLabs,Audio & Voice,See current plans,"Voice, usage and commercial-rights limits can change; verify the current plan before publishing output.",Free trial availability varies,2026-09-14,1,2026-10-03,partner-offers/elevenlabs-ai-voice.html,https://elevenlabs.io/
AdCreative.ai,Marketing & Creative,See current plans,"Creative credits, integrations and pricing can change; verify the current plan before subscribing.",Free trial availability varies,2026-09-14,1,No recent confirmed change,partner-offers/adcreative-ai-ad-design.html,https://www.adcreative.ai/
Beautiful.ai,Presentations,See current plans,Features and plan limits can change; verify the current presentation and collaboration options.,Free trial availability varies,2026-09-14,1,No recent confirmed change,partner-offers/beautiful-ai-presentations.html,https://www.beautiful.ai/
Rank Prompt,SEO & Visibility,See current plans,"Coverage, credits and pricing can change; verify the engines and reporting included in each plan.",Free trial availability varies,2026-09-14,1,No recent confirmed change,partner-offers/rank-prompt-ai-visibility.html,https://help.rankprompt.com/
OmniSEO,SEO & Visibility,See current plans,"Features, data sources and pricing can change; verify current plan coverage.",Free trial availability varies,2026-09-14,1,2026-10-01,partner-offers/omniseo-search-optimization.html,https://omniseo.com/
Seamless.AI,Sales Intelligence,See current plans,"Data access, credits and pricing can change; validate coverage and compliance for your market.",Free trial availability varies,2026-09-14,1,No recent confirmed change,partner-offers/seamless-ai-sales-intelligence.html,https://seamless.ai/
Kartra,Marketing Automation,See current plans,"Product bundles, usage limits and pricing can change; verify the current Kartra offer before subscribing.",Free trial availability varies,2026-09-14,1,No recent confirmed change,partner-offers/kartra-marketing-platform.html,https://kartra.com/
WhatConverts,Marketing Analytics,See current plans,"Channels, usage and pricing can change; verify the current plan for your lead volume.",Free trial availability varies,2026-09-14,1,2026-10-03,partner-offers/whatconverts-lead-attribution.html,https://www.whatconverts.com/
Kit,Email Marketing,See current plans,Plans scale with subscriber count; verify current free and paid plan limits.,Free trial availability varies,2026-09-14,1,No recent confirmed change,partner-offers/kit-creator-email-marketing.html,https://kit.com/
Unbounce,Conversion Optimization,See current plans,"Traffic limits, features and pricing can change; verify the current plan for your campaign volume.",Free trial availability varies,2026-09-14,1,No recent confirmed change,partner-offers/unbounce-landing-pages.html,https://unbounce.com/
Volza,Research & Data,See current plans,Plans and pricing can change; verify the current options on Volza before subscribing.,Free trial availability varies,2026-09-14,2,No recent confirmed change,partner-offers/volza-trade-intelligence.html,https://www.volza.com/
Wegic,Website Building,See current plans,"Free and paid capabilities can change; verify hosting, export and domain options before committing.",Free trial availability varies,2026-09-14,1,No recent confirmed change,partner-offers/wegic-ai-website-builder.html,https://wegic.ai/
MindStudio,Artificial Intelligence,See current plans,"Pricing, eligibility and plan limits can change; verify current details with MindStudio.",Free trial availability varies,2026-09-25,2,No recent confirmed change,partner-offers/mindstudio-software.html,https://www.mindstudio.ai
Amplemarket,Artificial Intelligence,See current plans,"Pricing, eligibility and plan limits can change; verify current details with Amplemarket.",Free trial availability varies,2026-09-27,1,No recent confirmed change,partner-offers/amplemarket-software.html,https://www.amplemarket.com
Castmagic,Artificial Intelligence,See current plans,"Pricing, eligibility and plan limits can change; verify current details with Castmagic.",Free trial availability varies,2026-09-27,1,No recent confirmed change,partner-offers/castmagic-software.html,https://www.castmagic.io/affiliate-terms
FullEnrich,Artificial Intelligence,See current plans,"Pricing, eligibility and plan limits can change; verify current details with FullEnrich.",Free trial availability varies,2026-09-27,1,No recent confirmed change,partner-offers/fullenrich-software.html,https://dash.partnerstack.com/marketplace/all/details/fullenrich?company=fullenrich&gref=marketplace
Reply.io,Analytics,See current plans,"Pricing, eligibility and plan limits can change; verify current details with Reply.io.",Free trial availability varies,2026-09-25,1,No recent confirmed change,partner-offers/reply-io-software.html,https://reply.io/terms-of-service/
Close,Analytics,See current plans,"Pricing, eligibility and plan limits can change; verify current details with Close.",Free trial availability varies,2026-09-25,1,No recent confirmed change,partner-offers/close-software.html,https://www.close.com/partners/partner-program-agreement
Databox,Analytics,See current plans,"Pricing, eligibility and plan limits can change; verify current details with Databox.",Free trial availability varies,2026-09-27,2,2026-10-02,partner-offers/databox-software.html,https://www.databox.com/
Leadpages,Artificial Intelligence,See current plans,"Pricing, eligibility and plan limits can change; verify current details with Leadpages.",Free trial availability varies,2026-09-27,2,No recent confirmed change,partner-offers/leadpages-software.html,https://www.leadpages.com
CallRail,Agencies,See current plans,"Pricing, eligibility and plan limits can change; verify current details with CallRail.",Free trial availability varies,2026-09-27,1,No recent confirmed change,partner-offers/callrail-software.html,https://www.callrail.com/legal/
Plesk,Artificial Intelligence,See current plans,"Pricing, eligibility and plan limits can change; verify current details with Plesk.",Free trial availability varies,2026-09-25,2,No recent confirmed change,partner-offers/plesk-software.html,https://www.plesk.com/
Capsule and Transpond,Analytics,See current plans,"Pricing, eligibility and plan limits can change; verify current details with Capsule and Transpond.",Free trial availability varies,2026-09-27,1,No recent confirmed change,partner-offers/capsule-and-transpond-software.html,https://capsulecrm.com/affiliate/terms/
EasyClaw,AI productivity,See current plans,"Pricing, eligibility and plan limits can change; verify current details with EasyClaw.",Free trial availability varies,2026-09-22,2,No recent confirmed change,partner-offers/easyclaw-software.html,https://easyclaw.com/
Rewarx Studio AI,AI product photography,See current plans,"Pricing, eligibility and plan limits can change; verify current details with Rewarx Studio AI.",Free trial availability varies,2026-09-22,2,No recent confirmed change,partner-offers/rewarx-studio-ai-software.html,https://www.rewarx.com/
Turbotic,Automation,See current plans,Enterprise availability and pricing can change; verify current terms with Turbotic.,Free trial availability varies,2026-09-14,1,2026-09-26,partner-offers/turbotic-enterprise-automation.html,https://turbotic.com/
LearnWorlds,Online Learning,See current plans,"Commerce, learner and feature limits can change; verify the current plan matrix.",Free trial availability varies,2026-09-14,1,2026-09-19,partner-offers/learnworlds-course-platform.html,https://www.learnworlds.com/
Foxit,Documents & PDF,See current plans,"Products, licensing and AI features can change; verify the current edition before purchase.",Free trial availability varies,2026-09-14,1,No recent confirmed change,partner-offers/foxit-pdf-software.html,https://www.foxit.com/
